PC1,PC2,player,team,role_cluster,role_name
-1.7397598838519621,0.384424197755905,Aaron Cresswell,West Ham United,1,Defensive Midfielders
-2.337599811700231,-4.349913116969778,Aaron Ramsdale,Southampton,2,GoalKeepers
-1.3964710390705737,1.3518543203137,Aaron Wan-Bissaka,West Ham United,3,Box-to-Box Midfielders
0.7143786992951757,-0.1632350184009469,Abdoulaye Doucouré,Everton,0,Attacking Creators
-2.1312738865713996,-0.11053454433580415,Abdukodir Khusanov,Manchester City,1,Defensive Midfielders
0.9363078450985821,0.7118369035226556,Abdul Fatawu Issahaku,Leicester City,0,Attacking Creators
2.6688476038037727,-1.0901052026310993,Adam Armstrong,Southampton,4,Strikers
-1.3549845368654172,1.4511690400867654,Adam Lallana,Southampton,3,Box-to-Box Midfielders
-0.962075357780681,-0.018150272643819444,Adam Smith,Bournemouth,1,Defensive Midfielders
-2.456284644961128,1.2231021958081905,Adam Webster,Brighton,1,Defensive Midfielders
-1.0434844820094802,1.530022434208181,Adam Wharton,Crystal Palace,3,Box-to-Box Midfielders
2.4772737083305567,-0.8493775750760233,Adama Traoré,Fulham,4,Strikers
3.3954909785596805,-0.2617753318729512,Alejandro Garnacho,Manchester Utd,4,Strikers
1.2835724879417467,0.07939156540208027,Alex Iwobi,Fulham,0,Attacking Creators
-2.1949135215679396,-4.7413655423979115,Alex McCarthy,Southampton,2,GoalKeepers
-2.191886883670384,-4.59180091858913,Alex Palmer,Ipswich Town,2,GoalKeepers
-0.12262296496014286,1.9541506719031771,Alex Scott,Bournemouth,3,Box-to-Box Midfielders
4.964830248499722,-1.0227085538868457,Alexander Isak,Newcastle United,4,Strikers
-0.1245537614793342,1.7871133539553847,Alexis Mac Allister,Liverpool,3,Box-to-Box Midfielders
-2.19517660244018,-4.577330269076272,Alisson,Liverpool,2,GoalKeepers
-2.3035361244869477,-4.478169974608853,Alphonse Areola,West Ham United,2,GoalKeepers
-2.2969086513411434,-4.507858328411044,Altay Bayındır,Manchester Utd,2,GoalKeepers
1.8912271734475081,0.25508706508848744,Amad Diallo,Manchester Utd,0,Attacking Creators
-0.9534059109781622,1.9810218298810534,Amadou Onana,Aston Villa,3,Box-to-Box Midfielders
1.086355376282436,-0.24114201362616247,Andreas Pereira,Fulham,0,Attacking Creators
-0.9353115634752593,0.5958090948818144,Andrew Robertson,Liverpool,3,Box-to-Box Midfielders
-1.8436655330680123,2.2453049053038505,André,Wolves,3,Box-to-Box Midfielders
-2.269743957460433,-4.495750674756885,André Onana,Manchester Utd,2,GoalKeepers
-0.6895542029264511,1.1109481180298666,Andrés García,Aston Villa,3,Box-to-Box Midfielders
2.125851628986776,-1.2077118088630885,Anthony Elanga,Nottingham Forest,0,Attacking Creators
2.4443218149920383,-0.3568643922908944,Anthony Gordon,Newcastle United,0,Attacking Creators
3.0350508623305017,-0.18170864233060877,Antoine Semenyo,Bournemouth,4,Strikers
-1.4702205302281743,1.5119943269829292,Antonee Robinson,Fulham,3,Box-to-Box Midfielders
-2.2957195372065446,-4.313079112504631,Antonín Kinský,Tottenham Hotspur,2,GoalKeepers
-2.101250846485752,-0.2308213549803822,Archie Gray,Tottenham Hotspur,1,Defensive Midfielders
-2.2158517164472666,-4.514455099880468,Arijanet Muric,Ipswich Town,2,GoalKeepers
1.9418347357422756,-1.0139381244440255,Armando Broja,Everton,0,Attacking Creators
-2.380706413164803,0.5161480478164749,Armel Bella Kotchap,Southampton,1,Defensive Midfielders
-1.4060593200136162,1.06249474101171,Ashley Young,Everton,3,Box-to-Box Midfielders
-1.5920658250034159,0.6460959458523645,Axel Disasi,Aston Villa,1,Defensive Midfielders
-1.6413338105440192,0.09931292451027778,Axel Tuanzebe,Ipswich Town,1,Defensive Midfielders
-2.2524884242605387,-4.584011463271768,Bart Verbruggen,Brighton,2,GoalKeepers
2.385914185966606,-0.9970336194108222,Ben Brereton,Southampton,0,Attacking Creators
-2.2528867348963546,-0.11219478019819588,Ben Davies,Tottenham Hotspur,1,Defensive Midfielders
-0.8040062405780649,-0.14813645861728586,Ben Johnson,Ipswich Town,1,Defensive Midfielders
-0.7492759852661008,0.6520907347496979,Ben White,Arsenal,3,Box-to-Box Midfielders
-2.906200783485102,2.110697705416361,Benoît Badiashile,Chelsea,3,Box-to-Box Midfielders
0.3492940564199699,0.7636332748498617,Bernardo Silva,Manchester City,3,Box-to-Box Midfielders
-2.2569916617347365,-4.572608599953196,Bernd Leno,Fulham,2,GoalKeepers
3.8915859111934785,-0.6415746352851346,Beto,Everton,4,Strikers
0.18544410384253904,0.5266759991497,Bilal El Khannouss,Leicester City,3,Box-to-Box Midfielders
0.9469757790811351,-1.0821353558785631,Bobby De Cordova-Reid,Leicester City,0,Attacking Creators
-1.4129329659141048,1.2792326097602271,Boubacar Kamara,Aston Villa,3,Box-to-Box Midfielders
-1.523635243709022,1.1412976510280795,Boubakary Soumaré,Leicester City,3,Box-to-Box Midfielders
2.0564694566269623,-0.1579552897253787,Brajan Gruda,Brighton,0,Attacking Creators
3.4065256997137947,-0.6376406281794241,Brennan Johnson,Tottenham Hotspur,4,Strikers
0.8454248750777774,1.7677688883962086,Bruno Fernandes,Manchester Utd,3,Box-to-Box Midfielders
-0.09826530949239001,1.1211459550091918,Bruno Guimarães,Newcastle United,3,Box-to-Box Midfielders
2.3589220816991676,-0.4850264761699884,Bryan Mbeumo,Brentford,0,Attacking Creators
4.078296873072248,-0.5397859080878951,Bukayo Saka,Arsenal,4,Strikers
-2.145600334262519,0.17814683856851518,Caleb Okoli,Leicester City,1,Defensive Midfielders
1.516386178220587,-0.6328853129664959,Callum Hudson-Odoi,Nottingham Forest,0,Attacking Creators
2.690346142400691,-0.6408329503160868,Callum Wilson,Newcastle United,4,Strikers
-1.9394970574146024,0.03558687988548096,Calvin Bassey,Fulham,1,Defensive Midfielders
2.6752246811769114,-1.1065597541062013,Cameron Archer,Southampton,4,Strikers
-1.6604287620174258,-1.130380969699444,Cameron Burgess,Ipswich Town,1,Defensive Midfielders
-2.2715670919723605,-4.595534136651407,Caoimhín Kelleher,Liverpool,2,GoalKeepers
2.304441062986952,5.5045742517034135,Carlos Alcaraz,Everton,3,Box-to-Box Midfielders
-0.8178225032004154,2.035931006728519,Carlos Baleba,Brighton,3,Box-to-Box Midfielders
0.23459634900401882,0.025586946253390017,Carlos Soler,West Ham United,0,Attacking Creators
-0.6977177526126082,2.664409966871109,Casemiro,Manchester Utd,3,Box-to-Box Midfielders
-2.133081050616702,0.5327693140903291,Charlie Taylor,Southampton,1,Defensive Midfielders
-1.0561028945722353,2.873392393773054,Cheick Doucouré,Crystal Palace,3,Box-to-Box Midfielders
-1.6064485294379984,-0.22587395527589393,Chris Richards,Crystal Palace,1,Defensive Midfielders
3.170012406146618,-1.228211575302815,Chris Wood,Nottingham Forest,4,Strikers
-0.2454500246605539,0.7216422709511032,Christian Eriksen,Manchester Utd,3,Box-to-Box Midfielders
-0.7701163325325051,1.3512353729286641,Christian Nørgaard,Brentford,3,Box-to-Box Midfielders
-2.2568951281628413,-4.6213434572729275,Christian Walton,Ipswich Town,2,GoalKeepers
2.8940377942902464,0.01641483389381522,Christopher Nkunku,Chelsea,4,Strikers
3.095532985908087,-0.45006212510402205,Cody Gakpo,Liverpool,4,Strikers
3.0979671238623747,0.1266158761092131,Cole Palmer,Chelsea,4,Strikers
-0.33522365754015176,0.5383194468751205,Conor Bradley,Liverpool,3,Box-to-Box Midfielders
0.9009607092716124,-0.05556927442624077,Conor Chaplin,Ipswich Town,0,Attacking Creators
-2.1301188883775684,-0.8988477582981061,Conor Coady,Leicester City,1,Defensive Midfielders
-1.4254509322309115,-0.1317656774474225,Conor Townsend,Ipswich Town,1,Defensive Midfielders
-1.8486982807894798,-0.6326056457879173,Craig Dawson,Wolves,1,Defensive Midfielders
-1.9214924468338248,1.675566843947932,Cristian Romero,Tottenham Hotspur,3,Box-to-Box Midfielders
1.9085460429516898,-0.5636429603497405,Crysencio Summerville,West Ham United,0,Attacking Creators
0.5873385734981106,1.0033710011196508,Curtis Jones,Liverpool,0,Attacking Creators
-0.44856137632177995,1.3427719605096793,Daichi Kamada,Crystal Palace,3,Box-to-Box Midfielders
-1.6579239264346557,-0.6193736075789329,Dan Burn,Newcastle United,1,Defensive Midfielders
2.9887798383086777,-0.3330595123056399,Dango Ouattara,Bournemouth,4,Strikers
-0.2529203947672501,1.3680425438649537,Daniel Muñoz,Crystal Palace,3,Box-to-Box Midfielders
3.4145517645803025,-0.5386677007395005,Danny Welbeck,Brighton,4,Strikers
-1.6826696616828913,-0.6176098291215216,Dara O'Shea,Ipswich Town,1,Defensive Midfielders
4.215539210717229,-0.6711618502578738,Darwin Núñez,Liverpool,4,Strikers
1.9257464031425147,-0.008870376524923174,David Brooks,Bournemouth,0,Attacking Creators
-2.1900538559682623,-4.265228910254162,David Raya,Arsenal,2,GoalKeepers
-2.1697247368689383,-4.701546167560086,Dean Henderson,Crystal Palace,2,GoalKeepers
-2.0643576632446257,1.141878240313705,Dean Huijsen,Bournemouth,1,Defensive Midfielders
0.2768106342961918,0.7878763621391532,Declan Rice,Arsenal,3,Box-to-Box Midfielders
2.010021504543406,-0.12488687760788568,Dejan Kulusevski,Tottenham Hotspur,0,Attacking Creators
-1.2119636056419743,1.4603171963826267,Destiny Udogie,Tottenham Hotspur,3,Box-to-Box Midfielders
-1.842172045084788,-0.24694524401297197,Diego Carlos,Aston Villa,1,Defensive Midfielders
-0.5337135534397207,2.567834962476433,Diego Gómez,Brighton,3,Box-to-Box Midfielders
-0.8552155013453298,0.6801195083575612,Diogo Dalot,Manchester Utd,3,Box-to-Box Midfielders
4.806457544043755,-0.11238366971195837,Diogo Jota,Liverpool,4,Strikers
-1.4830086447048418,1.0196127575978278,Djed Spence,Tottenham Hotspur,3,Box-to-Box Midfielders
3.7167856071402627,-0.8374616517157377,Dominic Calvert-Lewin,Everton,4,Strikers
3.7130864286582774,-0.9857213351846451,Dominic Solanke,Tottenham Hotspur,4,Strikers
1.5872546460860741,0.34084214719007044,Dominik Szoboszlai,Liverpool,0,Attacking Creators
5.691160865076274,-0.4710804370456921,Donyell Malen,Aston Villa,4,Strikers
0.930555014457558,-0.15802258328782026,Dwight McNeil,Everton,0,Attacking Creators
2.464917787331991,0.2745989936415408,Eberechi Eze,Crystal Palace,0,Attacking Creators
4.159514564773119,-0.27858686441862524,Eddie Nketiah,Crystal Palace,4,Strikers
-2.2410377723936326,-4.5649527455480765,Ederson,Manchester City,2,GoalKeepers
-1.390380824875725,1.29938784077545,Edson Álvarez,West Ham United,3,Box-to-Box Midfielders
-0.35741714148079595,1.5084173628605364,Elliot Anderson,Nottingham Forest,3,Box-to-Box Midfielders
-0.7639572533252966,0.6250487942768415,Emerson Palmieri,West Ham United,3,Box-to-Box Midfielders
-1.4254834682202913,-1.1115630819655906,Emil Krafth,Newcastle United,1,Defensive Midfielders
0.9580960468623378,0.32972037296122947,Emile Smith Rowe,Fulham,0,Attacking Creators
-2.2833679810758523,-4.487969565749317,Emiliano Martínez,Aston Villa,2,GoalKeepers
-2.180700567556717,0.1425815142623904,Emmanuel Agbadou,Wolves,1,Defensive Midfielders
5.453756519856266,-0.7465493478014861,Enes Ünal,Bournemouth,4,Strikers
0.44124963863214905,0.9442794352968217,Enzo Fernández,Chelsea,3,Box-to-Box Midfielders
6.409187725564488,-1.4448154879772692,Erling Haaland,Manchester City,4,Strikers
2.0463882088957654,-0.4276091756734361,Ethan Nwaneri,Arsenal,0,Attacking Creators
-1.9147294820041456,-0.33374685235103085,Ethan Pinnock,Brentford,1,Defensive Midfielders
4.766248734661734,-1.4192004626830916,Evanilson,Bournemouth,4,Strikers
-1.6643591918912444,-0.292744987418359,Ezri Konsa,Aston Villa,1,Defensive Midfielders
-1.5295825281530917,0.3046324026217179,Fabian Schär,Newcastle United,1,Defensive Midfielders
2.3774066028674294,0.4674179339740757,Fabio Carvalho,Brentford,0,Attacking Creators
0.9184192042744392,1.4875301191192158,Facundo Buonanotte,Leicester City,0,Attacking Creators
-0.6858912859478751,1.155924330370223,Ferdi Kadioglu,Brighton,3,Box-to-Box Midfielders
-2.171537199328986,-4.732858616822084,Filip Jørgensen,Chelsea,2,GoalKeepers
-1.3801539810612196,1.117220961049763,Flynn Downes,Southampton,3,Box-to-Box Midfielders
-2.1625491962555934,-4.786892375740882,Fraser Forster,Tottenham Hotspur,2,GoalKeepers
3.581647851485676,-0.019312061654693687,Gabriel Jesus,Arsenal,4,Strikers
-1.0759937249234641,0.2334945285255645,Gabriel Magalhães,Arsenal,1,Defensive Midfielders
3.5682839096443106,-1.2199798185474369,Gabriel Martinelli,Arsenal,4,Strikers
3.050935251602169,-1.556526289342704,George Hirst,Ipswich Town,4,Strikers
2.657561244205908,0.0543082092243363,Georginio Rutter,Brighton,0,Attacking Creators
2.303025450886313,0.0057342201969767135,Gonçalo Guedes,Wolves,0,Attacking Creators
-2.244555185035741,-4.508773778306757,Guglielmo Vicario,Tottenham Hotspur,2,GoalKeepers
-1.5247899435940215,1.4224665377814303,Guido Rodríguez,West Ham United,3,Box-to-Box Midfielders
-0.6989334115011122,-0.16954355345954542,Harry Amass,Manchester Utd,1,Defensive Midfielders
-1.5616765272884814,0.12043871990987612,Harry Clarke,Ipswich Town,1,Defensive Midfielders
-1.8693881503249137,1.0810370725927114,Harry Maguire,Manchester Utd,3,Box-to-Box Midfielders
2.8837639443347833,-0.05411357414862055,Harry Wilson,Fulham,4,Strikers
-1.3323973675720422,0.9486915241273124,Harry Winks,Leicester City,3,Box-to-Box Midfielders
3.696161602621194,-0.7949874865608617,Harvey Barnes,Newcastle United,4,Strikers
2.4904514498189347,1.0730821125336418,Harvey Elliott,Liverpool,0,Attacking Creators
1.1979991100685126,-0.9828295309381214,Hwang Hee-chan,Wolves,0,Attacking Creators
-0.24611776912676547,1.0403561612002106,Ian Maatsen,Aston Villa,3,Box-to-Box Midfielders
-1.7205314314407838,2.2588148645587625,Ibrahim Sangaré,Nottingham Forest,3,Box-to-Box Midfielders
-1.708237403483641,0.4237499673688278,Ibrahima Konaté,Liverpool,1,Defensive Midfielders
-1.2577232454067602,2.3328916834115785,Idrissa Gana Gueye,Everton,3,Box-to-Box Midfielders
-2.0567918707324515,-0.5816435468001998,Igor,Brighton,1,Defensive Midfielders
1.2027923476454778,0.11723496540006523,Iliman Ndiaye,Everton,0,Attacking Creators
-1.9286655730070406,0.4577016725144895,Illia Zabarnyi,Bournemouth,1,Defensive Midfielders
2.6663739988888024,-0.9528495986506297,Ismaila Sarr,Crystal Palace,4,Strikers
-1.8970298148518503,-0.4293920671848181,Issa Diop,Fulham,1,Defensive Midfielders
0.6542840320940793,0.16415907258792292,Jack Clarke,Ipswich Town,0,Attacking Creators
2.153566124402752,-0.2274846799498039,Jack Grealish,Manchester City,0,Attacking Creators
1.273955400826516,-0.5527533897275688,Jack Harrison,Everton,0,Attacking Creators
-0.33402517410616217,0.24842181960065615,Jack Hinshelwood,Brighton,1,Defensive Midfielders
-1.9072875384563797,0.7519598040946984,Jack Stephens,Southampton,1,Defensive Midfielders
-0.44508337434815165,0.9366538479444712,Jack Taylor,Ipswich Town,3,Box-to-Box Midfielders
-1.7178387070136834,-0.36347466962954117,Jacob Greaves,Ipswich Town,1,Defensive Midfielders
1.5140048884950428,-0.33583079126172904,Jacob Murphy,Newcastle United,0,Attacking Creators
1.116787691435948,-0.46041594781333944,Jacob Ramsey,Aston Villa,0,Attacking Creators
1.459562621610538,0.7838869327895438,Jaden Philogene Bidace,Aston Villa,0,Attacking Creators
1.932735881613509,-1.1448716338330927,Jadon Sancho,Chelsea,0,Attacking Creators
-0.982806112917439,-0.7369395961770252,Jake O'Brien,Everton,1,Defensive Midfielders
-1.6582235830104255,0.6443855939220903,Jakub Kiwior,Arsenal,1,Defensive Midfielders
-2.2980088133728347,-4.418494866518748,Jakub Stolarczyk,Leicester City,2,GoalKeepers
-1.1195118252155754,0.13195261196797076,James Bree,Southampton,1,Defensive Midfielders
-0.9824079663969068,1.4953478107386027,James Garner,Everton,3,Box-to-Box Midfielders
-1.2814414132061689,2.128340297554703,James Hill,Bournemouth,3,Box-to-Box Midfielders
-1.2449081227360344,0.7763145705022796,James Justin,Leicester City,3,Box-to-Box Midfielders
0.9848042037717097,0.9281003618495606,James Maddison,Tottenham Hotspur,0,Attacking Creators
4.06968701622317,-0.11136376273587235,James Mcatee,Manchester City,4,Strikers
-1.7391365375019914,-0.20007483399237583,James Tarkowski,Everton,1,Defensive Midfielders
-0.8279327054422722,0.9048861427062952,James Ward-Prowse,West Ham United,3,Box-to-Box Midfielders
3.512394961739149,-1.1797325255155673,Jamie Vardy,Leicester City,4,Strikers
-2.6896041102169503,0.8367308912347265,Jan Bednarek,Southampton,1,Defensive Midfielders
-1.8501533079836925,0.524023730347597,Jan Paul van Hecke,Brighton,1,Defensive Midfielders
-2.30398956557637,0.13120492367124922,Jannik Vestergaard,Leicester City,1,Defensive Midfielders
-2.5423688504611324,0.8370824495787693,Jarell Quansah,Liverpool,1,Defensive Midfielders
-1.734998296707765,-0.3534677579731471,Jarrad Branthwaite,Everton,1,Defensive Midfielders
2.898814049377727,-0.3745619899918861,Jarrod Bowen,West Ham United,4,Strikers
-2.333549995175405,0.44364180347145,Jean-Clair Todibo,West Ham United,1,Defensive Midfielders
3.467016649061666,-0.9107624136945559,Jean-Philippe Mateta,Crystal Palace,4,Strikers
0.5046026416246174,0.352355387526826,Jean-Ricner Bellegarde,Wolves,0,Attacking Creators
-1.151057410730982,0.8902192374032164,Jefferson Lerma,Crystal Palace,3,Box-to-Box Midfielders
-1.0325140301092022,0.8460506634324277,Jens Cajuste,Ipswich Town,3,Box-to-Box Midfielders
2.461020172173253,-0.21326699464375473,Jeremy Doku,Manchester City,0,Attacking Creators
1.0821305218228492,0.7410414240863629,Jesper Lindstrøm,Everton,0,Attacking Creators
-2.006879813838745,0.24743146046696543,Joachim Andersen,Fulham,1,Defensive Midfielders
-0.4833769653673467,0.9138937990354229,Joe Aribo,Southampton,3,Box-to-Box Midfielders
-2.060343508973643,1.6100562093797033,Joe Gomez,Liverpool,3,Box-to-Box Midfielders
1.3685437961418832,0.4396954548518738,Joe Willock,Newcastle United,0,Attacking Creators
0.5925151197954053,0.8620667232803597,Joelinton,Newcastle United,0,Attacking Creators
0.6665893937058339,0.19236525010728234,John McGinn,Aston Villa,0,Attacking Creators
-1.3774896160989523,0.3629112380904353,John Stones,Manchester City,1,Defensive Midfielders
-2.2698660738397267,0.6850794454708339,Jonny Evans,Manchester Utd,1,Defensive Midfielders
4.916609740138718,1.7790663737826253,Jordan Ayew,Leicester City,4,Strikers
-2.31798874529119,-4.2513524078976435,Jordan Pickford,Everton,2,GoalKeepers
-2.0511440833584884,-1.1456962482182649,Jorge Cuenca,Fulham,1,Defensive Midfielders
-1.1970434303555488,1.172958162561057,Jorginho,Arsenal,3,Box-to-Box Midfielders
2.0156233448255376,-0.21804564324724632,Joshua Zirkzee,Manchester Utd,0,Attacking Creators
-2.1776509448899284,-4.667600227701253,José Sá,Wolves,2,GoalKeepers
1.9912238268237943,0.4678127763019711,Jota Silva,Nottingham Forest,0,Attacking Creators
3.565549692528014,1.4510267037517064,João Félix,Chelsea,4,Strikers
-0.5964884806607175,1.7938226163404187,João Gomes,Wolves,3,Box-to-Box Midfielders
2.981118070073205,-0.3646635839098985,João Pedro,Brighton,4,Strikers
-1.3132236438254674,0.9229922436996078,Joël Veltman,Brighton,3,Box-to-Box Midfielders
-0.8116990586182856,1.5059294330644972,Joško Gvardiol,Manchester City,3,Box-to-Box Midfielders
-1.4695811021005785,0.4388358513376734,Julian Araujo,Bournemouth,1,Defensive Midfielders
3.156813136495485,-0.31383793516835284,Julio Enciso,Ipswich Town,4,Strikers
-0.5558316017601089,1.0621869534934598,Jurriën Timber,Arsenal,3,Box-to-Box Midfielders
0.5166208676623245,0.7813105592902843,Justin Devenny,Crystal Palace,0,Attacking Creators
3.0482799253755477,-0.5170391585365149,Justin Kluivert,Bournemouth,4,Strikers
5.058246710895168,-0.5457216034313375,Jáder Durán,Aston Villa,4,Strikers
3.0090888422411077,-1.0632318486126555,Jørgen Strand Larsen,Wolves,4,Strikers
3.439219719632288,-0.7921975930666293,Kai Havertz,Arsenal,4,Strikers
-1.3333926739123214,1.4066279217016056,Kalvin Phillips,Ipswich Town,3,Box-to-Box Midfielders
1.766572417327348,-0.5311425935105878,Kamaldeen Sulemana,Southampton,0,Attacking Creators
2.5110350733587077,-0.15569419167240722,Kaoru Mitoma,Brighton,0,Attacking Creators
1.025474467421026,0.002119452235903237,Kasey McAteer,Leicester City,0,Attacking Creators
-0.058120014007752435,-0.47915231119805274,Keane Lewis-Potter,Brentford,1,Defensive Midfielders
-0.8874022591612213,1.3915582215287035,Kenny Tete,Fulham,3,Box-to-Box Midfielders
-2.1415555231140084,-4.563425959398405,Kepa Arrizabalaga,Bournemouth,2,GoalKeepers
-1.859092199530501,-0.8027481280536215,Kevin Danso,Tottenham Hotspur,1,Defensive Midfielders
2.194558955546225,0.23248151403051392,Kevin De Bruyne,Manchester City,0,Attacking Creators
3.2099395019609394,-1.075333020022174,Kevin Schade,Brentford,4,Strikers
-1.7332847232074315,1.6425269472909638,Kieran Trippier,Newcastle United,3,Box-to-Box Midfielders
-0.6052000407646686,1.4765073499095815,Kobbie Mainoo,Manchester Utd,3,Box-to-Box Midfielders
-2.0355958701013734,0.6916323253952438,Konstantinos Mavropanos,West Ham United,1,Defensive Midfielders
-1.3903894190529458,1.9367202750440629,Kostas Tsimikas,Liverpool,3,Box-to-Box Midfielders
-0.5891667642032955,-0.02540405301940366,Kristoffer Ajer,Brentford,1,Defensive Midfielders
-1.207861645577292,0.8103412770256713,Kyle Walker,Manchester City,3,Box-to-Box Midfielders
-0.782397799555063,-0.001270101470575498,Kyle Walker-Peters,Southampton,1,Defensive Midfielders
-1.3984194426635854,0.7930541674310992,Lamare Bogarde,Aston Villa,1,Defensive Midfielders
2.8026347516077847,-0.6054592896391494,Leandro Trossard,Arsenal,4,Strikers
-0.6287460830191741,-0.44178085803783873,Leif Davis,Ipswich Town,1,Defensive Midfielders
-2.0436682239760926,0.978633826751203,Leny Yoro,Manchester Utd,1,Defensive Midfielders
2.446434257005506,-1.2090232395971403,Leon Bailey,Aston Villa,4,Strikers
-0.7664001727692642,1.037134538052747,Lesley Ugochukwu,Southampton,3,Box-to-Box Midfielders
-2.083751171457686,0.5615257766699492,Levi Colwill,Chelsea,1,Defensive Midfielders
-1.167736510356501,1.3996766467560329,Lewis Cook,Bournemouth,3,Box-to-Box Midfielders
-2.095457063507177,0.16807264524942037,Lewis Dunk,Brighton,1,Defensive Midfielders
-1.3646069284241291,0.8344809561810049,Lewis Hall,Newcastle United,3,Box-to-Box Midfielders
-0.46761083598288394,1.9829142917014977,Lewis Miley,Newcastle United,3,Box-to-Box Midfielders
3.220278774551083,-1.2966457183091407,Liam Delap,Ipswich Town,4,Strikers
-2.031235516546836,1.2870477906128706,Lisandro Martínez,Manchester Utd,3,Box-to-Box Midfielders
-1.093403208168709,-0.5032381388810534,Lloyd Kelly,Newcastle United,1,Defensive Midfielders
-1.0977721768155775,2.3333378454105524,Lucas Bergvall,Tottenham Hotspur,3,Box-to-Box Midfielders
-0.9389374626027059,0.1858404971713768,Lucas Digne,Aston Villa,1,Defensive Midfielders
-0.03330778983121735,1.4558323526050523,Lucas Paquetá,West Ham United,3,Box-to-Box Midfielders
3.56466453724094,-0.29774992428947156,Luis Díaz,Liverpool,4,Strikers
-1.816664486587006,0.080479786971538,Luke Shaw,Manchester Utd,1,Defensive Midfielders
-1.8590509198655327,1.4216564651042278,Luke Thomas,Leicester City,3,Box-to-Box Midfielders
-2.33134684696481,-0.6448362843262369,Luke Woolfenden,Ipswich Town,1,Defensive Midfielders
-2.283806347294145,-4.3197991242792915,Mads Hermansen,Leicester City,2,GoalKeepers
-0.7956830462110517,-0.5803602376943654,Mads Roerslev,Brentford,1,Defensive Midfielders
-0.8433063421598684,1.517091470585629,Malo Gusto,Chelsea,3,Box-to-Box Midfielders
-1.1396956523368913,0.30157192212394873,Manuel Akanji,Manchester City,1,Defensive Midfielders
-1.2654423078486818,2.24551963468842,Manuel Ugarte,Manchester Utd,3,Box-to-Box Midfielders
-0.8415543209745103,0.751831838024248,Marc Cucurella,Chelsea,3,Box-to-Box Midfielders
-1.6840743968465262,0.013031523602491912,Marc Guéhi,Crystal Palace,1,Defensive Midfielders
3.051742681936238,-0.33838929623067604,Marco Asensio,Aston Villa,4,Strikers
-1.993530168506153,1.390587719777799,Marcos Senesi,Bournemouth,3,Box-to-Box Midfielders
3.1519358493300036,-0.36707131612526767,Marcus Rashford,Manchester Utd,4,Strikers
1.8609685404503453,0.3419679831977329,Marcus Tavernier,Bournemouth,0,Attacking Creators
-1.27010466518896,1.684390137306168,Mario Lemina,Wolves,3,Box-to-Box Midfielders
-2.4158179801447828,-4.182241741631097,Mark Flekken,Brentford,2,GoalKeepers
-2.131697182129395,-4.690243833669586,Mark Travers,Bournemouth,2,GoalKeepers
1.8467931228140018,0.12444893644744434,Marshall Munetsi,Wolves,0,Attacking Creators
-2.1458763520090236,-4.518243678408303,Martin Dúbravka,Newcastle United,2,GoalKeepers
1.5039249111827424,0.0035952940351118554,Martin Ødegaard,Arsenal,0,Attacking Creators
2.520888688960976,0.7946615195278587,Mason Mount,Manchester Utd,0,Attacking Creators
-0.6630358460408554,2.4865643188286923,Mateo Kovačić,Manchester City,3,Box-to-Box Midfielders
-0.11712409401095213,1.1779246688648048,Mateus Fernandes,Southampton,3,Box-to-Box Midfielders
2.590505049489615,0.5055123976212954,Matheus Cunha,Wolves,0,Attacking Creators
-0.40076596656388414,0.8411956798789668,Matheus Nunes,Manchester City,3,Box-to-Box Midfielders
-0.6047248038622574,0.315743814542766,Mathias Jensen,Brentford,1,Defensive Midfielders
2.4218246082869457,-0.45472604563963087,Mathys Tel,Tottenham Hotspur,0,Attacking Creators
-1.463025498040631,3.30505314525548,Mats Wieffer,Brighton,3,Box-to-Box Midfielders
-1.5669840925895433,0.44050403910277985,Matt Doherty,Wolves,1,Defensive Midfielders
1.4277890257888701,0.7764409903366054,Matt O'Riley,Brighton,0,Attacking Creators
-1.7854898772535877,0.36804119363996457,Matthijs de Ligt,Manchester Utd,1,Defensive Midfielders
-0.9215469540360655,0.3063118854415021,Matty Cash,Aston Villa,1,Defensive Midfielders
-2.080961910489502,-4.755768931226194,Matz Sels,Nottingham Forest,2,GoalKeepers
-1.981807554669598,-0.427268200520498,Max Kilman,West Ham United,1,Defensive Midfielders
-1.7611613853595893,-0.0005332435014561536,Maxence Lacroix,Crystal Palace,1,Defensive Midfielders
-0.8879157375362701,0.7658810162724359,Michael Kayode,Brentford,3,Box-to-Box Midfielders
-1.4245682247482574,-0.6982285607578693,Michael Keane,Everton,1,Defensive Midfielders
2.793339103991846,-1.247764746817319,Michail Antonio,West Ham United,4,Strikers
-2.051479335711638,0.00569505396431974,Micky van de Ven,Tottenham Hotspur,1,Defensive Midfielders
1.8806414672209075,0.7546908527463787,Mikel Merino,Arsenal,0,Attacking Creators
1.478766458937942,-1.4449788160872534,Mikey Moore,Tottenham Hotspur,0,Attacking Creators
0.00012780367360815437,1.0842940375805739,Mikkel Damsgaard,Brentford,3,Box-to-Box Midfielders
-0.7289132703241862,0.42976301675695716,Milos Kerkez,Bournemouth,1,Defensive Midfielders
5.172643372929642,-0.8517911665768514,Mohamed Salah,Liverpool,4,Strikers
2.3734191801059525,-0.31637952369067385,Mohammed Kudus,West Ham United,0,Attacking Creators
-1.5707053808016105,2.340918364990751,Moisés Caicedo,Chelsea,3,Box-to-Box Midfielders
-2.0174969744976328,-0.5167083140902685,Morato,Nottingham Forest,1,Defensive Midfielders
1.1298784852716726,0.6721095183201559,Morgan Gibbs-White,Nottingham Forest,0,Attacking Creators
1.8241019468689292,-0.5387492779395193,Morgan Rogers,Aston Villa,0,Attacking Creators
-1.6464691195366552,-0.19860005438038372,Murillo,Nottingham Forest,1,Defensive Midfielders
-0.7667385518498718,0.36922656853491154,Myles Lewis-Skelly,Arsenal,1,Defensive Midfielders
-1.641599304672129,0.46737145645208145,Nathan Aké,Manchester City,1,Defensive Midfielders
1.4238326665863257,0.04417696303542737,Nathan Broadhead,Ipswich Town,0,Attacking Creators
-1.604334105199898,-0.438851868616384,Nathan Collins,Brentford,1,Defensive Midfielders
-0.6541838194808625,0.5339421483069252,Nathan Patterson,Everton,3,Box-to-Box Midfielders
-1.985904764460195,-0.18077758503845742,Nathan Wood-Gordon,Southampton,1,Defensive Midfielders
-1.401746880162261,-0.03421208112166573,Nathaniel Clyne,Crystal Palace,1,Defensive Midfielders
-0.5751182251919057,0.7969062765989381,Neco Williams,Nottingham Forest,3,Box-to-Box Midfielders
-2.128313255688587,-4.696926778621284,Nick Pope,Newcastle United,2,GoalKeepers
2.6028802397806245,-0.8049411293399145,Niclas Füllkrug,West Ham United,4,Strikers
0.26178914749020366,1.0367190659944854,Nico O’Reilly,Manchester City,3,Box-to-Box Midfielders
4.6150526293512275,-0.8373498772412591,Nicolas Jackson,Chelsea,4,Strikers
-0.8699087354569289,2.1313877168561666,Nicolás Domínguez,Nottingham Forest,3,Box-to-Box Midfielders
-1.035273478623633,2.0176252113230504,Nicolás González,Manchester City,3,Box-to-Box Midfielders
-0.8239448748242348,-1.0916583630494912,Nikola Milenković,Nottingham Forest,1,Defensive Midfielders
4.201381592668975,-0.49628049702508087,Noni Madueke,Chelsea,4,Strikers
-1.8023616965643312,1.5164843067061304,Noussair Mazraoui,Manchester Utd,3,Box-to-Box Midfielders
-0.7984707105118741,0.30588256319841545,Nélson Semedo,Wolves,1,Defensive Midfielders
-1.164953220606482,0.016538471752453564,Ola Aina,Nottingham Forest,1,Defensive Midfielders
-0.060881723859650086,1.014303778448195,Oleksandr Zinchenko,Arsenal,3,Box-to-Box Midfielders
-1.4373369181185323,1.1794139200950444,Oliver Scarles,West Ham United,3,Box-to-Box Midfielders
-1.0289537215423445,0.8544290604119027,Oliver Skipp,Leicester City,3,Box-to-Box Midfielders
5.087271688634476,-1.3022914104013885,Ollie Watkins,Aston Villa,4,Strikers
4.0675384051820895,-0.5313907834590265,Omar Marmoush,Manchester City,4,Strikers
1.1986025625589134,-0.4291920523360333,Omari Hutchinson,Ipswich Town,0,Attacking Creators
-0.3928554657608477,0.7829285764797145,Orel Mangala,Everton,3,Box-to-Box Midfielders
1.2781042879698483,0.8056497230660328,Pablo Sarabia,Wolves,0,Attacking Creators
-0.287465226511115,1.7302201364253031,Pape Matar Sarr,Tottenham Hotspur,3,Box-to-Box Midfielders
-0.0998683782773474,0.6695873470283517,Patrick Dorgu,Manchester Utd,3,Box-to-Box Midfielders
1.8369770913754708,-0.2426169936629977,Patson Daka,Leicester City,0,Attacking Creators
-1.728727367639378,-0.4009044880486173,Pau Torres,Aston Villa,1,Defensive Midfielders
3.102134616476678,-0.4318228285979383,Paul Onuachu,Southampton,4,Strikers
2.3591025315871343,-0.7000010341267258,Pedro Neto,Chelsea,0,Attacking Creators
-0.8825012634412518,1.1364362650454822,Pedro Porro,Tottenham Hotspur,3,Box-to-Box Midfielders
-1.0994146621484857,1.6932287091917846,Pervis Estupiñán,Brighton,3,Box-to-Box Midfielders
2.323576452288735,-0.22133233677520886,Phil Foden,Manchester City,0,Attacking Creators
-2.144144575924417,-0.23544402908749987,Radu Drăgușin,Tottenham Hotspur,1,Defensive Midfielders
3.112414239201818,-0.6064347004304501,Raheem Sterling,Arsenal,4,Strikers
2.757938332535936,-1.2187266831471404,Rasmus Højlund,Manchester Utd,4,Strikers
-0.31025614644454264,0.8033252620513266,Rayan Aït-Nouri,Wolves,3,Box-to-Box Midfielders
3.763279890329845,-0.2583192423271198,Raúl Jiménez,Fulham,4,Strikers
-1.3928386023605037,1.011723436396249,Reece James,Chelsea,3,Box-to-Box Midfielders
1.7500984239245976,-0.7805227053430738,Reiss Nelson,Fulham,0,Attacking Creators
-1.5887856646387855,1.6435881184338847,Ricardo Pereira,Leicester City,3,Box-to-Box Midfielders
-0.2355419377068273,0.7037516940592482,Riccardo Calafiori,Arsenal,3,Box-to-Box Midfielders
4.266833860754106,-0.5786024955281208,Richarlison,Tottenham Hotspur,4,Strikers
-0.5560606796303139,0.6386500219166175,Rico Lewis,Manchester City,3,Box-to-Box Midfielders
-2.3135197878874245,-4.494747508387204,Robert Sánchez,Chelsea,2,GoalKeepers
-1.4167965775524798,2.5778392897919646,Rodrigo Bentancur,Tottenham Hotspur,3,Box-to-Box Midfielders
0.3380183214156932,0.16589959034859836,Rodrigo Gomes,Wolves,0,Attacking Creators
4.283339957701517,-0.11682970698198004,Rodrigo Muniz,Fulham,4,Strikers
-1.6983751582408386,2.2014998133318473,Roméo Lavia,Chelsea,3,Box-to-Box Midfielders
0.3964725226319202,2.3615074773461933,Ross Barkley,Aston Villa,3,Box-to-Box Midfielders
2.2694804951725045,-0.7222683632500471,Ross Stewart,Southampton,0,Attacking Creators
-0.3464778475067191,1.6658932628961705,Ryan Christie,Bournemouth,3,Box-to-Box Midfielders
-0.5858327469215728,-0.8799867409538423,Ryan Fraser,Southampton,1,Defensive Midfielders
-1.4208806406591514,1.946603028734429,Ryan Gravenberch,Liverpool,3,Box-to-Box Midfielders
-0.8442217976292126,0.45788956499990285,Ryan Manning,Southampton,1,Defensive Midfielders
1.5595701442330971,1.165275614858371,Ryan Sessegnon,Fulham,0,Attacking Creators
-0.1045568744430161,0.832482008765784,Ryan Yates,Nottingham Forest,3,Box-to-Box Midfielders
-1.725132576709913,0.9859896061496489,Rúben Dias,Manchester City,1,Defensive Midfielders
-2.331943543078698,-4.4975860773854714,Sam Johnstone,Wolves,2,GoalKeepers
-1.434134984089316,0.9871786166461797,Sam Morsy,Ipswich Town,3,Box-to-Box Midfielders
1.9801725392002292,-0.6839113277340769,Sammie Szmodics,Ipswich Town,0,Attacking Creators
-1.381505115299646,0.8905856694463251,Sander Berge,Fulham,3,Box-to-Box Midfielders
-0.4009127547575289,1.2428177459002374,Sandro Tonali,Newcastle United,3,Box-to-Box Midfielders
-1.9705822104196873,0.07899216615709675,Santiago Bueno,Wolves,1,Defensive Midfielders
-0.9766545106789448,1.5132986769108385,Saša Lukić,Fulham,3,Box-to-Box Midfielders
-0.4015968005103777,0.7349256701023192,Sean Longstaff,Newcastle United,3,Box-to-Box Midfielders
-1.224211452562333,-0.6319966356840656,Sepp van den Berg,Brentford,1,Defensive Midfielders
2.6224566601932513,0.03302115629238773,Simon Adingra,Brighton,0,Attacking Creators
2.7486890732487406,-0.7648905726653422,Son Heung-min,Tottenham Hotspur,4,Strikers
-2.2796985739409643,-4.579700942661717,Stefan Ortega,Manchester City,2,GoalKeepers
1.0043277393378263,0.13997004723884687,Stephy Mavididi,Leicester City,0,Attacking Creators
-1.3038656352409532,1.1745352796433473,Sven Botman,Newcastle United,3,Box-to-Box Midfielders
3.236770798467877,-0.3753929812210053,Sávio,Manchester City,4,Strikers
3.1282908986270965,-0.42699850643121195,Taiwo Awoniyi,Nottingham Forest,4,Strikers
-0.7247123108995446,0.10915234616942479,Tariq Lamptey,Brighton,1,Defensive Midfielders
-1.8037539138667769,0.18800210175124762,Taylor Harwood-Bellis,Southampton,1,Defensive Midfielders
-1.0330665064020543,1.9762699647674724,Thomas Partey,Arsenal,3,Box-to-Box Midfielders
-1.2944894417868171,2.6685070649908997,Tim Iroegbunam,Everton,3,Box-to-Box Midfielders
2.211034579137856,-0.7976250624076986,Timo Werner,Tottenham Hotspur,0,Attacking Creators
-1.4159024598109435,0.7461070591385447,Timothy Castagne,Fulham,1,Defensive Midfielders
-0.47006730682873776,1.6377280944522794,Tom Cairney,Fulham,3,Box-to-Box Midfielders
-1.0095883636858296,1.7243731982447381,Tommy Doyle,Wolves,3,Box-to-Box Midfielders
0.938551016992497,0.14980378082270407,Tomáš Souček,West Ham United,0,Attacking Creators
-1.9246276317724682,0.3699694880196224,Tosin Adarabioyo,Chelsea,1,Defensive Midfielders
-2.10137546037102,0.5827158734014042,Toti Gomes,Wolves,1,Defensive Midfielders
-0.8630574149833559,1.9228405363712473,Trent Alexander-Arnold,Liverpool,3,Box-to-Box Midfielders
-1.5000837591415042,0.5106634519185667,Trevoh Chalobah,Crystal Palace,1,Defensive Midfielders
-1.5162851198004816,2.4543881996429318,Tyler Adams,Bournemouth,3,Box-to-Box Midfielders
0.8927094161317821,-0.05828453001324403,Tyler Dibling,Southampton,0,Attacking Creators
-0.8559628985212989,0.03434299489718195,Tyrick Mitchell,Crystal Palace,1,Defensive Midfielders
-1.4182995125443714,-0.8007150317568317,Tyrone Mings,Aston Villa,1,Defensive Midfielders
-1.1923492493625178,0.28097723971991406,Valentino Livramento,Newcastle United,1,Defensive Midfielders
-1.8029779080327673,1.4127181049407915,Victor Bernth Kristiansen,Leicester City,3,Box-to-Box Midfielders
-2.1465749369190132,-0.5994943749528244,Victor Lindelöf,Manchester Utd,1,Defensive Midfielders
-2.1082535773036164,1.384497986540265,Virgil van Dijk,Liverpool,3,Box-to-Box Midfielders
-1.0594137298756514,0.4002572156156559,Vitaliy Mykolenko,Everton,1,Defensive Midfielders
-0.9261000938887446,0.20027398894471343,Vitaly Janelt,Brentford,1,Defensive Midfielders
-1.100590147464368,0.16862827877618516,Vladimír Coufal,West Ham United,1,Defensive Midfielders
-1.5144240471055408,1.1109483478790836,Welington,Southampton,3,Box-to-Box Midfielders
0.4161710308011742,-0.4156019086033656,Wes Burns,Ipswich Town,0,Attacking Creators
-1.9658634297133637,0.6195904083539769,Wesley Fofana,Chelsea,1,Defensive Midfielders
-0.8830042040798184,1.4196646832484545,Wilfred Ndidi,Leicester City,3,Box-to-Box Midfielders
-0.6968047652866396,1.1683459340547477,Will Hughes,Crystal Palace,3,Box-to-Box Midfielders
-2.03860171013893,0.9222603959391138,William Saliba,Arsenal,1,Defensive Midfielders
-0.014074428391807222,0.6620365400231975,William Smallbone,Southampton,3,Box-to-Box Midfielders
1.6683630291280531,-0.3551670613199494,Wilson Odobert,Tottenham Hotspur,0,Attacking Creators
-1.7991250635235394,-0.19237793999254946,Wout Faes,Leicester City,1,Defensive Midfielders
2.5338882367072766,-0.2860320374960649,Yankuba Minteh,Brighton,0,Attacking Creators
-0.18671294111034759,1.2637950449700217,Yasin Ayari,Brighton,3,Box-to-Box Midfielders
-1.1370467558893,1.2705352593606525,Yehor Yarmoliuk,Brentford,3,Box-to-Box Midfielders
-2.2624691105324177,0.7765496148794445,Yerson Mosquera,Wolves,1,Defensive Midfielders
4.14850137124006,-0.9943708696501149,Yoane Wissa,Brentford,4,Strikers
-0.6057436588921233,1.576950536892762,Youri Tielemans,Aston Villa,3,Box-to-Box Midfielders
-0.6363477437599555,0.06839013530008566,Yukinari Sugawara,Southampton,1,Defensive Midfielders
-1.5418716588247594,1.8873728717894611,Yves Bissouma,Tottenham Hotspur,3,Box-to-Box Midfielders
-1.2160558868947797,0.5330683266017159,Álex Moreno,Nottingham Forest,1,Defensive Midfielders
0.049103489425811636,0.6742251516190058,İlkay Gündoğan,Manchester City,3,Box-to-Box Midfielders
-2.2855945904127966,-4.541157072950913,Łukasz Fabiański,West Ham United,2,GoalKeepers
